metabolites,group
2-(Formylamino)Benzoic Acid,Others
Guanine,Organoheterocyclic compounds
Avobenzone,Phenylpropanoids and polyketides
N-Glycolylneuraminic acid,Others
Cholecalciferol,Lipids and lipid-like molecules
Nicotinic acid,Organoheterocyclic compounds
delta-Tocopherol,Lipids and lipid-like molecules
Milbemectin A3,Others
4-Aminobenzoic acid,Benzenoids
DL-Carnitine,Others
D-Phenylalanine,"Amino acids, peptides, and analogues"
Nicotinuric Acid,"Amino acids, peptides, and analogues"
Indole,Organoheterocyclic compounds
Kasugamycin,Others
2-Hydroxy-6-Aminopurine,Organoheterocyclic compounds
13(S)-HOTrE,Others
Acetophenone,Others
2'-Deoxyguanosine,Others
Biliverdin,Organoheterocyclic compounds
5-Hydroxytryptophan,Organoheterocyclic compounds
Minocycline,Phenylpropanoids and polyketides
PC (18:3e/6:0),Others
Bicine,"Amino acids, peptides, and analogues"
Tyramine,Benzenoids
L-Ascorbic acid 2-sulfate,Organoheterocyclic compounds
D-¦Á-Hydroxyglutaric acid,Others
Kynurenic acid,Organoheterocyclic compounds
Azilsartan,Benzenoids
Sterigmatocystin,Phenylpropanoids and polyketides